Workbook
Name Slicer_Month: #N/A
Name Slicer_Year: #N/A

Sheet data
A1: Date | B1: Rate | C1: Open | D1: High | E1: Low | F1: Change %
A2: 01/02/2023 | B2: 460.02 | C2: 460.52 | D2: 460.55 | E2: 460.5 | F2: 0
A3: 01/03/2023 | B3: 459.97 | C3: 460.47 | D3: 460.47 | E3: 460.46 | F3: 0
A4: 01/05/2023 | B4: 459.87 | C4: 460.47 | D4: 460.48 | E4: 460.37 | F4: -0.0002
A5: 01/06/2023 | B5: 460.76 | C5: 461.1 | D5: 465.5 | E5: 461.1 | F5: 0.0003
A6: 01/08/2023 | B6: 757.02 | C6: 760.4 | D6: 771.55 | E6: 745.5 | F6: -0.0025
A7: 01/09/2023 | B7: 756.52 | C7: 773.5 | D7: 775.5 | E7: 738.5 | F7: -0.0213
A8: 01/11/2023 | B8: 787 | C8: 787.5 | D8: 789.5 | E8: 786.5 | F8: 0.0025
A9: 01/12/2023 | B9: 788 | C9: 790.5 | D9: 790.5 | E9: 788.5 | F9: -0.0025
A10: 02/01/2023 | B10: 447.58 | C10: 448.08 | D10: 448.08 | E10: 448.08 | F10: 0
A11: 02/02/2023 | B11: 460.04 | C11: 460.52 | D11: 460.54 | E11: 460.52 | F11: 0
A12: 02/03/2023 | B12: 459.97 | C12: 460.47 | D12: 460.47 | E12: 460.45 | F12: 0
A13: 02/05/2023 | B13: 459.81 | C13: 460.37 | D13: 460.5 | E13: 460.31 | F13: -0.0001
... A806: 31/12/2025 | B806: 1444.57 | C806: 1454.83 | D806: 1454.83 | E806: 1440.66 | F806: -0.007

Sheet Clean_Data
A1: Date | B1: Rate | C1: Open | D1: High | E1: Low | F1: Change % | G1: Year | H1: Month | I1: Month_Num2 | J1: YearMonth | K1: Week | L1: Rolling 7-Day Avg | M1: Weekday
A2: 44928 | B2: 447.58 | C2: 448.08 | D2: 448.08 | E2: 448.08 | F2: 0 | G2: =YEAR(A2) -> 2023 | H2: =TEXT(A2,"mmm") -> Jan | I2: =MONTH(A2) -> 1 | J2: =TEXT(A2,"yyyy-mm") -> 2023-01 | K2: =WEEKNUM(A2) -> 1 | L2: =AVERAGE(OFFSET(USD_NGN_Historical_Data__17[[#This Row],[Rate]], -6, 0, 7, 1)) -> #REF! | M2: =TEXT(A2, "ddd") -> Mon
A3: 44929 | B3: 448.05 | C3: 448.08 | D3: 448.55 | E3: 445.5 | F3: 0.0011 | G3: =YEAR(A3) -> 2023 | H3: =TEXT(A3,"mmm") -> Jan | I3: =MONTH(A3) -> 1 | J3: =TEXT(A3,"yyyy-mm") -> 2023-01 | K3: =WEEKNUM(A3) -> 1 | L3: =AVERAGE(OFFSET(USD_NGN_Historical_Data__17[[#This Row],[Rate]], -6, 0, 7, 1)) -> #REF! | M3: =TEXT(A3, "ddd") -> Tue
A4: 44930 | B4: 448.51 | C4: 448.55 | D4: 449.01 | E4: 448.55 | F4: 0.001 | G4: =YEAR(A4) -> 2023 | H4: =TEXT(A4,"mmm") -> Jan | I4: =MONTH(A4) -> 1 | J4: =TEXT(A4,"yyyy-mm") -> 2023-01 | K4: =WEEKNUM(A4) -> 1 | L4: =AVERAGE(OFFSET(USD_NGN_Historical_Data__17[[#This Row],[Rate]], -6, 0, 7, 1)) -> #REF! | M4: =TEXT(A4, "ddd") -> Wed
A5: 44931 | B5: 449.03 | C5: 449.01 | D5: 449.53 | E5: 449.01 | F5: 0.0012 | G5: =YEAR(A5) -> 2023 | H5: =TEXT(A5,"mmm") -> Jan | I5: =MONTH(A5) -> 1 | J5: =TEXT(A5,"yyyy-mm") -> 2023-01 | K5: =WEEKNUM(A5) -> 1 | L5: =AVERAGE(OFFSET(USD_NGN_Historical_Data__17[[#This Row],[Rate]], -6, 0, 7, 1)) -> #REF! | M5: =TEXT(A5, "ddd") -> Thu
A6: 44932 | B6: 449.55 | C6: 449.53 | D6: 450.05 | E6: 449.53 | F6: 0.0012 | G6: =YEAR(A6) -> 2023 | H6: =TEXT(A6,"mmm") -> Jan | I6: =MONTH(A6) -> 1 | J6: =TEXT(A6,"yyyy-mm") -> 2023-01 | K6: =WEEKNUM(A6) -> 1 | L6: =AVERAGE(OFFSET(USD_NGN_Historical_Data__17[[#This Row],[Rate]], -6, 0, 7, 1)) -> #REF! | M6: =TEXT(A6, "ddd") -> Fri
A7: 44935 | B7: 449.55 | C7: 450.05 | D7: 450.08 | E7: 450.05 | F7: 0 | G7: =YEAR(A7) -> 2023 | H7: =TEXT(A7,"mmm") -> Jan | I7: =MONTH(A7) -> 1 | J7: =TEXT(A7,"yyyy-mm") -> 2023-01 | K7: =WEEKNUM(A7) -> 2 | L7: =AVERAGE(OFFSET(USD_NGN_Historical_Data__17[[#This Row],[Rate]], -6, 0, 7, 1)) -> 448.71167 | M7: =TEXT(A7, "ddd") -> Mon
A8: 44936 | B8: 449.58 | C8: 450.05 | D8: 450.08 | E8: 450.05 | F8: 0.0001 | G8: =YEAR(A8) -> 2023 | H8: =TEXT(A8,"mmm") -> Jan | I8: =MONTH(A8) -> 1 | J8: =TEXT(A8,"yyyy-mm") -> 2023-01 | K8: =WEEKNUM(A8) -> 2 | L8: =AVERAGE(OFFSET(USD_NGN_Historical_Data__17[[#This Row],[Rate]], -6, 0, 7, 1)) -> 448.83571 | M8: =TEXT(A8, "ddd") -> Tue
A9: 44937 | B9: 451.1 | C9: 450.08 | D9: 451.6 | E9: 450.08 | F9: 0.0034 | G9: =YEAR(A9) -> 2023 | H9: =TEXT(A9,"mmm") -> Jan | I9: =MONTH(A9) -> 1 | J9: =TEXT(A9,"yyyy-mm") -> 2023-01 | K9: =WEEKNUM(A9) -> 2 | L9: =AVERAGE(OFFSET(USD_NGN_Historical_Data__17[[#This Row],[Rate]], -6, 0, 7, 1)) -> 449.33857 | M9: =TEXT(A9, "ddd") -> Wed
A10: 44938 | B10: 451.63 | C10: 451.6 | D10: 452.13 | E10: 451.6 | F10: 0.0012 | G10: =YEAR(A10) -> 2023 | H10: =TEXT(A10,"mmm") -> Jan | I10: =MONTH(A10) -> 1 | J10: =TEXT(A10,"yyyy-mm") -> 2023-01 | K10: =WEEKNUM(A10) -> 2 | L10: =AVERAGE(OFFSET(USD_NGN_Historical_Data__17[[#This Row],[Rate]], -6, 0, 7, 1)) -> 449.85 | M10: =TEXT(A10, "ddd") -> Thu
A11: 44939 | B11: 452.09 | C11: 452.13 | D11: 452.59 | E11: 452.13 | F11: 0.001 | G11: =YEAR(A11) -> 2023 | H11: =TEXT(A11,"mmm") -> Jan | I11: =MONTH(A11) -> 1 | J11: =TEXT(A11,"yyyy-mm") -> 2023-01 | K11: =WEEKNUM(A11) -> 2 | L11: =AVERAGE(OFFSET(USD_NGN_Historical_Data__17[[#This Row],[Rate]], -6, 0, 7, 1)) -> 450.36143 | M11: =TEXT(A11, "ddd") -> Fri
A12: 44942 | B12: 452.12 | C12: 452.59 | D12: 460.5 | E12: 452.59 | F12: 0.0001 | G12: =YEAR(A12) -> 2023 | H12: =TEXT(A12,"mmm") -> Jan | I12: =MONTH(A12) -> 1 | J12: =TEXT(A12,"yyyy-mm") -> 2023-01 | K12: =WEEKNUM(A12) -> 3 | L12: =AVERAGE(OFFSET(USD_NGN_Historical_Data__17[[#This Row],[Rate]], -6, 0, 7, 1)) -> 450.80286 | M12: =TEXT(A12, "ddd") -> Mon
A13: 44943 | B13: 453.08 | C13: 452.62 | D13: 460.5 | E13: 452.62 | F13: 0.0021 | G13: =YEAR(A13) -> 2023 | H13: =TEXT(A13,"mmm") -> Jan | I13: =MONTH(A13) -> 1 | J13: =TEXT(A13,"yyyy-mm") -> 2023-01 | K13: =WEEKNUM(A13) -> 3 | L13: =AVERAGE(OFFSET(USD_NGN_Historical_Data__17[[#This Row],[Rate]], -6, 0, 7, 1)) -> 451.30714 | M13: =TEXT(A13, "ddd") -> Tue
... A806: 46052 | B806: 1386.455 | C806: 1385.96 | D806: 1392.08 | E806: 1382.285 | F806: 0.0007 | G806: =YEAR(A806) -> 2026 | H806: =TEXT(A806,"mmm") -> Jan | I806: =MONTH(A806) -> 1 | J806: =TEXT(A806,"yyyy-mm") -> 2026-01 | K806: =WEEKNUM(A806) -> 5 | L806: =AVERAGE(OFFSET(USD_NGN_Historical_Data__17[[#This Row],[Rate]], -6, 0, 7, 1)) -> 1404.8107 | M806: =TEXT(A806, "ddd") -> Fri

Sheet Calculation
A1: KPI | B1: Values | D1: Monthly Trend | G1: High vs Low Spread | K1: Monthly Volatility | N1: Change % Trend
A2: Current Rate | B2: =INDEX(Clean_Data!B:B, MATCH(MAX(Clean_Data!A:A), Clean_Data!A:A, 0)) -> 1386.455 | D2: Row Labels | E2: Average of Rate | G2: Row Labels | H2: Max of High | I2: Min of Low | K2: Row Labels | L2: StdDev of Rate | N2: Row Labels | O2: Average of Change %
A3: Previous Rate | B3: =INDEX(Clean_Data!B:B, MATCH(LARGE(Clean_Data!A:A,2), Clean_Data!A:A, 0)) -> 1385.5 | D3: 2023 | E3: 650.98608 | G3: 2023-01 | H3: 460.52 | I3: 445.5 | K3: 2023-01 | L3: 4.385506 | N3: 2023 | O3: 0.00319375
A4: Rate Change | B4: =B2-B3 -> 0.955 | D4: 2024 | E4: 1476.6747 | G4: 2023-03 | H4: 460.55 | I4: 460.29 | K4: 2023-03 | L4: 0.063886015 | N4: 2024 | O4: 0.0016319502
A5: % Change | B5: =(B2/B3)-1 -> 0.00068928185 | D5: 2025 | E5: 1520.5771 | G5: 2023-04 | H5: 460.54 | I5: 459.97 | K5: 2023-04 | L5: 0.082264018 | N5: 2025 | O5: -0.00028713693
A6: Average Rate | B6: =AVERAGE(Clean_Data!B:B) -> 1217.9293 | D6: 2026 | E6: 1418.7645 | G6: 2023-05 | H6: 465.5 | I6: 460.3 | K6: 2023-05 | L6: 0.21978969 | N6: 2026 | O6: -0.0018545455
A7: Max Rate | B7: =MAX(Clean_Data!B:B) -> 1681.39 | D7: Grand Total | E7: 1222.8322 | G7: 2023-06 | H7: 775.5 | I7: 460.5 | K7: 2023-06 | L7: 133.78699 | N7: Grand Total | O7: 0.0014110215
A8: Min Rate | B8: =MIN(Clean_Data!B:B) -> 447.58 | G8: 2023-07 | H8: 799.5 | I8: 756.5 | K8: 2023-07 | L8: 8.8574738
A9: Volatilty | B9: =STDEV(Clean_Data!B:B) -> 431.47397 | G9: 2023-08 | H9: 792.5 | I9: 740.5 | K9: 2023-08 | L9: 10.479474
G10: 2023-09 | H10: 798.5 | I10: 738.04 | K10: 2023-09 | L10: 13.126554
G11: 2023-10 | H11: 884.5 | I11: 747.1 | K11: 2023-10 | L11: 32.370463
B12: Row Labels | C12: StdDevp of Rolling 7-Day Avg | D12: Average of High | E12: Average of Low | G12: 2023-11 | H12: 846 | I12: 786.5 | K12: 2023-11 | L12: 17.898971
B13: 2023 | C13: #REF! | D13: 657.28662 | E13: 646.22767 | G13: 2023-12 | H13: 906.39 | I13: 788.5 | K13: 2023-12 | L13: 48.48284
B14: 2024 | C14: 221.27148 | D14: 1509.442 | E14: 1439.942 | G14: 2024-01 | H14: 1250.75 | I14: 849.5 | K14: 2024-01 | L14: 77.064316
B15: 2025 | C15: 48.814845 | D15: 1529.5607 | E15: 1514.167 | G15: 2024-03 | H15: 1661 | I15: 1275.5 | K15: 2024-03 | L15: 91.336359
B16: 2026 | C16: 11.682632 | D16: 1424.995 | E16: 1414.2014 | G16: 2024-04 | H16: 1450 | I16: 1002 | K16: 2024-04 | L16: 90.84479
B17: Grand Total | C17: #REF! | D17: 1238.573 | E17: 1207.1873 | G17: 2024-05 | H17: 1545 | I17: 1197.05 | K17: 2024-05 | L17: 79.244771
G18: 2024-06 | H18: 1535 | I18: 1433.4 | K18: 2024-06 | L18: 19.84455
G19: 2024-07 | H19: 1670 | I19: 1305 | K19: 2024-07 | L19: 42.974852
A20: Row Labels | B20: Max of Rate | G20: 2024-08 | H20: 1665 | I20: 1510 | K20: 2024-08 | L20: 18.515145
A21: 2023 | B21: 905.39 | G21: 2024-09 | H21: 1683.11 | I21: 1497.5 | K21: 2024-09 | L21: 24.76566
A22: 2024 | B22: 1681.39 | G22: 2024-10 | H22: 1690.055 | I22: 1590.69 | K22: 2024-10 | L22: 13.822457
A23: 2025 | B23: 1610.145 | G23: 2024-11 | H23: 1717.5 | I23: 1620 | K23: 2024-11 | L23: 10.794333
A24: 2026 | B24: 1446.5 | D24: Row Labels | E24: Min of Rate | G24: 2024-12 | H24: 1707.5 | I24: 1485 | K24: 2024-12 | L24: 38.362374
A25: Grand Total | B25: 1681.39 | D25: 2023 | E25: 447.58 | G25: 2025-01 | H25: 1573.6 | I25: 1442.5 | K25: 2025-01 | L25: 16.774352
D26: 2024 | E26: 852.77 | G26: 2025-03 | H26: 1560 | I26: 1491.67 | K26: 2025-03 | L26: 17.343057
B27: =GETPIVOTDATA("Rate",$A$20) -> 1681.39 | D27: 2025 | E27: 1435.03 | G27: 2025-04 | H27: 1643.21 | I27: 1526.5 | K27: 2025-04 | L27: 28.510383
D28: 2026 | E28: 1385.5 | G28: 2025-05 | H28: 1613.895 | I28: 1579.865 | K28: 2025-05 | L28: 8.5317527
D29: Grand Total | E29: 447.58 | G29: 2025-06 | H29: 1590.5 | I29: 1528.675 | K29: 2025-06 | L29: 13.39996
G30: 2025-07 | H30: 1545 | I30: 1523 | K30: 2025-07 | L30: 1.7393516
E31: =GETPIVOTDATA("Rate",$D$2) -> 1222.8322 | G31: 2025-08 | H31: 1539.625 | I31: 1509 | K31: 2025-08 | L31: 3.3712034
G32: 2025-09 | H32: 1539.505 | I32: 1475 | K32: 2025-09 | L32: 17.408725
E33: =GETPIVOTDATA("Rate",$D$24) -> 447.58 | G33: 2025-10 | H33: 1503.75 | I33: 1429.15 | K33: 2025-10 | L33: 9.606699
A34: Row Labels | B34: Count of Rate | G34: 2025-11 | H34: 1459.5 | I34: 1425.1 | K34: 2025-11 | L34: 5.672709
A35: 2023 | B35: 240 | G35: 2025-12 | H35: 1464.555 | I35: 1439.82 | K35: 2025-12 | L35: 4.157724
A36: 2024 | B36: 241 | G36: 2026-01 | H36: 1446.5 | I36: 1375.645 | K36: 2026-01 | L36: 14.335252
A37: 2025 | B37: 241 | G37: Grand Total | H37: 1717.5 | I37: 445.5 | K37: Grand Total | L37: 425.97897
A38: 2026 | B38: 22
A39: Grand Total | B39: 744

Sheet Dashboard
